Price,Close,High,Low,Open,Volume
Ticker,CARR,CARR,CARR,CARR,CARR
Date,,,,,
2020-03-19,11.256905555725098,11.256905555725098,11.256905555725098,11.256905555725098,100
2020-03-20,11.96045970916748,12.194978526994293,11.256903255687039,12.194978526994293,2300
2020-03-23,10.82539176940918,11.960463216310442,10.78786878333883,11.960463216310442,18700
2020-03-24,10.975481033325195,12.101171235145001,10.787866148791618,12.101171235145001,96100
2020-03-25,12.61711597442627,12.61711597442627,11.069291674056037,11.069291674056037,19200
2020-03-26,14.493264198303223,14.493264198303223,13.13305509910528,13.13305509910528,76400
2020-03-27,13.648999214172363,15.009208561098177,13.648999214172363,14.07113302602954,486500
2020-03-30,14.915399551391602,15.478245188832918,14.305650856345576,14.305650856345576,210000
2020-03-31,16.18179702758789,16.18179702758789,13.6583751601062,15.37505179162785,461500
2020-04-01,14.118035316467285,15.009206790744024,13.658378573209175,15.009206790744024,2998900
2020-04-02,12.4576416015625,14.915399148755412,11.369474233527916,14.6902612577038,15966300
2020-04-03,15.87224006652832,15.947286046944448,12.55145230194934,12.8985401850286,66934300
2020-04-06,14.483881950378418,16.08799071726794,13.930418285862574,16.003563798807704,37138000
2020-04-07,14.305648803710938,14.821590414899593,13.648996250660991,14.258744858217725,23486000
2020-04-08,13.376955032348633,14.305649436817205,12.879774440583187,13.60209290713767,49372700
2020-04-09,13.864753723144531,14.540168240283087,13.039247289890382,13.13305518477182,34992600
2020-04-13,13.123675346374512,13.602094041151014,13.114294377154943,13.602094041151014,21497400
2020-04-14,13.011106491088867,13.320671320563818,12.926679556755976,13.133056407945434,22350000
2020-04-15,12.532686233520508,12.809418530681072,12.1386945187366,12.692159113057725,14990700
2020-04-16,12.091791152954102,12.429497944865197,11.500803596145934,12.335690055358503,21745200
2020-04-17,12.889155387878418,12.973582314440419,12.129314838057196,12.476402618108894,21336500
2020-04-20,13.555190086364746,13.827231931336662,12.640567058522937,12.664018586947677,20032200
2020-04-21,13.780326843261719,14.305649446060627,13.301909082680488,13.33943206183624,16235900
2020-04-22,13.874134063720703,14.22122182768611,13.3394314131008,14.0242259730443,12539500
2020-04-23,14.746546745300293,14.934161661730375,13.705282393530979,13.78970932957914,12226000
2020-04-24,15.243725776672363,15.637717529854294,14.343173325773442,14.633977103452848,17390000
2020-04-27,15.759666442871094,15.76904741184057,14.985755289876506,15.168679711689101,12186100
2020-04-28,15.947286605834961,16.650843367857092,15.581437662139411,15.834716736646977,12983800
2020-04-29,16.547649383544922,16.960403058039415,16.106754592331892,16.37879552628641,12523200
2020-04-30,16.613313674926758,16.73526447302519,15.933210474075823,16.153656965776186,19094100
2020-05-01,15.731521606445312,16.27560515340159,15.590810683639397,16.256843219897743,10727200
2020-05-04,15.38443374633789,15.497003563632594,14.718400282871972,15.149914933774092,9700300
2020-05-05,14.98106575012207,15.72214534769405,14.859115829683832,15.647099380442596,16298000
2020-05-06,15.28125,15.356295964728455,14.474504537241419,15.00920725958627,10647200
2020-05-07,15.393815994262695,15.984804453064193,14.896636320756876,15.206200212908033,12454100
2020-05-08,17.22306251525879,17.26058459562418,15.886304183092008,15.984803446178903,17693300
2020-05-11,17.213685989379883,17.588915836034545,16.90412114223516,17.288731958710816,9574600
2020-05-12,16.69774055480957,17.260586124022232,16.59455348274025,17.251205155791066,7743200
2020-05-13,15.421960830688477,16.35722180686035,15.103015035962008,16.144277564169553,10676300
2020-05-14,15.525148391723633,15.67993170389418,14.746546713853757,15.027969535208,7797200
2020-05-15,15.67524242401123,15.914452704088529,15.009209606554249,15.290631570982255,7353800
2020-05-18,16.46322250366211,16.622695392741022,16.219324474940784,16.228703654383523,6135000
2020-05-19,16.669601440429688,16.810312402315102,16.087993864936507,16.360036608587,8338100
2020-05-20,17.570154190063477,17.870338072404536,16.92288336472947,17.03545142598883,11910000
2020-05-21,18.24556541442871,18.311230399560174,17.354393158178915,17.39191702924641,9711500
2020-05-22,17.870332717895508,18.63017495529059,17.776526624698963,18.264324392725225,5937100
2020-05-26,18.301851272583008,19.324353601938423,18.14237838297977,18.395659170450234,7305400
2020-05-27,18.75212860107422,18.88345859551236,18.22680683408467,18.358136828522813,8969700
2020-05-28,18.38627815246582,19.193021777793547,18.29715984457421,18.836553913937596,8509200
2020-05-29,19.202407836914062,19.68082663126739,17.710867416058772,17.785913396198275,32990600
2020-06-01,20.46880531311035,20.590756119295666,19.277449104077416,19.277449104077416,7695700
2020-06-02,20.03729248046875,20.477249744191028,19.610468215984838,20.346857311970957,8295600
2020-06-03,20.84403419494629,21.18174190260853,20.056050736558916,20.140477663474478,9636300
2020-06-04,21.27554702758789,21.688300639957564,20.66579847089148,20.66579847089148,6651900
2020-06-05,22.101058959960938,22.88904254737816,21.93220507848052,22.08229880920306,7843600
2020-06-08,22.860897064208984,22.870276243179607,21.866535905069675,22.166719730758246,8570400
2020-06-09,21.772733688354492,22.476290384192115,21.772733688354492,22.269914397538475,6850000
2020-06-10,20.825275421142578,21.716446012923655,20.675183494332355,20.92846250255154,10262100
2020-06-11,19.755868911743164,20.45004454534526,18.76150941379821,18.91160134596964,6834800
2020-06-12,20.206144332885742,20.928461008117797,19.718344710966267,20.637658144342897,5212800
2020-06-15,20.60951805114746,21.144222588075856,19.35249674043155,19.436923678407773,7735600
2020-06-16,20.70332145690918,21.556969831500208,20.567300109832118,21.538207896199243,7287800
2020-06-17,19.943483352661133,20.956604719896408,19.774629493249112,20.797131829255814,5737700
2020-06-18,19.93410301208496,20.53447071848136,19.699584153119257,19.699584153119257,3618900
2020-06-19,20.12171745300293,20.496947244103048,19.69958281974231,20.412520317450923,14451100
2020-06-22,21.33183479309082,21.411572134033257,19.990386658917014,20.18738342712308,5995500
2020-06-23,21.003507614135742,21.800872061250093,20.937842622474,21.688304015326203,5961200
2020-06-24,20.46880531311035,21.256788806546556,20.121718410785395,20.731467074001376,6825600
2020-06-25,20.261669158935547,20.591204093135904,19.80502781600844,20.355822253824353,6141000
2020-06-26,19.74382972717285,20.468806285386155,19.38699110115719,20.26167089553424,21346900
2020-06-29,20.826587677001953,21.156120842984983,19.772076158393055,19.847398281449326,8086000
2020-06-30,20.92073631286621,21.09962700571759,20.158099689814723,20.5347102570117,7082500
2020-07-01,21.287933349609375,21.66454391967911,20.591203346025143,21.014889563920782,9181500
2020-07-02,21.570388793945312,21.862261733745786,21.250269390620655,21.64571090085578,5667400
2020-07-06,22.794376373291016,22.869700285582386,21.77752690302935,21.77752690302935,7145200
2020-07-07,22.60607147216797,22.766131190549483,22.336795315895213,22.370689639008145,4671900
2020-07-08,22.587242126464844,22.681395225695585,22.08823195761661,22.483673537728926,4692100
2020-07-09,22.511917114257812,22.80379006813884,22.370688381465108,22.59665471309759,5470300
2020-07-10,23.434616088867188,24.536203203541728,22.333028974192644,22.446013050799177,12262400
2020-07-13,22.860288619995117,23.735907696981187,21.899930127508345,23.670001058524072,8562400
2020-07-14,23.67941665649414,23.688832147148016,22.813211270370804,22.87911790912673,7218300
2020-07-15,24.90340232849121,25.016384619361414,24.046612473470773,24.08427263848713,5798700
2020-07-16,25.05404281616211,25.41182241126097,24.404388455886398,24.592694640141083,4863400
2020-07-17,24.931642532348633,25.327084071122748,24.790413796176622,25.31766858260184,3187100
2020-07-20,24.865737915039062,24.988137479866978,24.540911616049822,24.68684721034801,2442800
2020-07-21,25.016382217407227,25.23293308396721,24.630356134993008,24.752755700141496,4952700
2020-07-22,25.044626235961914,25.47772792672459,24.780997948658033,24.79982892542705,3503900
2020-07-23,25.75077247619629,26.01439897560108,24.969304875007673,25.101118124710066,6245400
2020-07-24,25.025793075561523,25.66603186327763,24.98813292113032,25.656616375714673,8293000
2020-07-27,24.715091705322266,25.214101822439503,24.55503199196925,24.95047353108724,5734900
2020-07-28,24.545618057250977,24.856322015096396,24.338482683961004,24.545618057250977,9895100
2020-07-29,25.590713500976562,26.09913733298371,24.583279530081256,24.583279530081256,12657500
2020-07-30,25.327091217041016,25.89200811693848,24.10310609711427,24.33848798908644,6742900
2020-07-31,25.647205352783203,25.75548078487472,25.072873082208172,25.280010253010154,9261300
2020-08-03,26.004987716674805,26.25919875120488,25.43065542495295,25.64720629710935,4115900
2020-08-04,26.14621925354004,26.240372363235583,25.571886900636304,25.797853286412888,4382200
2020-08-05,26.466333389282227,26.52753137174303,26.042645379364462,26.042645379364462,4177300
2020-08-06,26.61697769165039,26.871190498323955,26.306273748767424,26.38159586232024,3648700
2020-08-07,27.27604866027832,27.33254159836461,26.777040277929974,27.040666805715205,3477900
2020-08-10,27.73739242553711,27.840960999576136,27.21955314698346,27.32312172102249,3516900
2020-08-11,27.765644073486328,28.547111779200364,27.71856841967338,28.396467532013638,5113800
2020-08-12,28.0481014251709,28.424712016838217,27.888041699234666,28.123423543504362,3523800
2020-08-13,27.81271743774414,28.50944742759619,27.652657724141587,28.15166604621598,3643800
2020-08-14,27.793888092041016,28.29101442307837,27.567921741189576,27.972776997410328,5008300
2020-08-17,28.09517478942871,28.420001061592345,27.438929786910542,27.775055363606228,4588200
2020-08-18,27.73739242553711,28.292893656767035,27.652656623656966,27.982189730470697,3412900
2020-08-19,27.5396728515625,27.953945356261972,27.417275095716693,27.812716623879652,3864000
2020-08-20,27.31370735168457,27.69031791477047,27.068910036723526,27.323122840239318,3166800
2020-08-21,27.793888092041016,28.076345581650084,27.384322397540664,27.454937667853393,3112600
2020-08-24,28.603599548339844,28.66009248123574,28.001022630683867,28.019853608315834,3117300
2020-08-25,28.688339233398438,29.003751846246182,28.631848092224587,28.716585701895863,3233600
2020-08-26,29.215593338012695,29.413313212893282,28.63184561041225,28.725998701421464,3316600
2020-08-27,28.509450912475586,29.413316373313087,28.396466831960378,29.253256640145484,4144700
2020-08-28,28.528278350830078,28.69304671667586,28.203452057429253,28.603600467958717,3689900
2020-08-31,28.104591369628906,28.678921824061444,28.085760391891213,28.424710807886132,3572700
2020-09-01,28.528278350830078,28.584771285542253,27.46435322191046,27.92570141380098,2778500
2020-09-02,28.980213165283203,29.140272890403693,28.095176932509855,28.45295654381515,3445400
2020-09-03,27.615001678466797,28.895479661258033,27.26663571109405,28.716588932292506,5049400
2020-09-04,28.245819091796875,28.33526353909207,27.144232075383965,27.709148816384065,4277400
2020-09-08,27.84096336364746,28.481202246943145,27.4925992509148,27.633827993801578,4733300
2020-09-09,28.36821937561035,28.570647907448645,27.822133563070555,28.179914975733062,4782000
2020-09-10,27.436105728149414,28.255235292622416,26.908850927973944,28.15166671201227,9090300
2020-09-11,27.530256271362305,27.911575449909005,27.313705437243744,27.464349651919324,4547300
2020-09-14,27.44552230834961,27.71856610597244,27.14423383912506,27.680904149408907,4299400
2020-09-15,27.953950881958008,28.283485853203565,27.587696756282458,27.756229180882226,4052100
2020-09-16,28.481203079223633,28.749538237296097,27.798595373532596,28.396465471851176,4884300
2020-09-17,28.867231369018555,28.900184685983785,27.65266189673454,28.029272516209385,4735100
2020-09-18,28.989627838134766,29.37565390623323,28.71658404586854,28.71658404586854,8061000
2020-09-21,27.784469604492188,28.970794165301825,27.511425837625037,28.518861512370744,4516900
2020-09-22,28.490617752075195,28.55652437907169,27.765641263471966,27.78447224141979,4719700
2020-09-23,27.407861709594727,28.641262034204274,27.398446220604313,28.62243105622345,3348800
2020-09-24,28.132831573486328,28.217569164030433,27.10656859122442,27.417272491279267,4269300
2020-09-25,28.70717430114746,28.716589791987648,27.63383348686384,27.680909145243515,2845700
2020-09-28,28.94255256652832,29.714604760695394,28.65067957025514,28.951968056191458,7027600
2020-09-29,28.71658706665039,28.895477783993854,28.321145467998097,28.726002556597003,6851300
2020-09-30,28.754249572753906,29.413317719148985,28.575358852011604,28.8201562078113,5066600
2020-10-01,28.970796585083008,29.243838578935218,28.763659421656282,28.923719140749263,3730300
2020-10-02,29.403900146484375,29.676943953322176,28.490619218847463,28.56594133869565,2483100
2020-10-05,30.204204559326172,30.57139971738725,29.789930151960892,29.789930151960892,5088600
2020-10-06,29.66752815246582,30.4960714620993,29.611037012127873,30.448995811121172,2439400
2020-10-07,30.241859436035156,30.401920963561,30.025308562499514,30.062970520934073,2209700
2020-10-08,30.081802368164062,30.568570444647193,29.780512079456916,30.42075282057143,2276400
2020-10-09,30.345428466796875,30.646716955366657,29.855833774960455,30.044139978227093,2700800
2020-10-12,31.070405960083008,31.221050208951056,30.31718471574277,30.684379847880997,3302600
2020-10-13,30.590225219726562,31.512921592872853,30.166537193373212,31.352860075520784,3534500
2020-10-14,30.609058380126953,31.117484107659227,30.53373804547911,30.769119927672666,3443600
2020-10-15,30.69379234313965,30.75028528112428,30.138291023704646,30.21361494101749,2691600
2020-10-16,30.84442901611328,31.324609892028864,30.524309629383286,30.995073222124976,3723000
2020-10-19,30.430164337158203,31.070403236638466,30.194782494456394,30.882097044148644,5529300
2020-10-20,31.286954879760742,31.82362520714897,30.45840976716548,30.552564661575158,3944800
2020-10-21,31.39992904663086,31.484666633879584,30.976244702028275,31.12688890251034,2909800
2020-10-22,31.908367156982422,32.13433534266347,31.211638801780587,31.211638801780587,3987700
2020-10-23,32.887550354003906,32.91579502494765,31.880116385070156,31.917778340756335,5072400
2020-10-26,31.738893508911133,32.43562549073108,31.32462267128254,32.43562549073108,5196800
2020-10-27,31.63532066345215,31.955440137892747,31.173974227478503,31.851875136092048,4032300
2020-10-28,31.352863311767578,31.78596507601502,30.84443762766379,31.004499161537435,6485900
2020-10-29,32.15507888793945,32.82517213055992,31.079153715215806,31.89081757542217,11949600
2020-10-30,31.5133113861084,32.91956738244439,31.145231948221568,32.06071416061117,6741100
2020-11-02,33.127197265625,33.155513558870915,31.966330050706652,32.089024387328074,6313000
2020-11-03,34.87321472167969,34.92984009922812,33.43864635236561,33.4575226783121,6733100
2020-11-04,34.7127685546875,35.29792387169874,33.50471246848052,33.62740678982689,9039400
2020-11-05,36.052955627441406,36.14733365043342,35.279044317976336,35.401735027807796,5778100
2020-11-06,36.760807037353516,36.836308746855,36.00105195894709,36.36441136152387,3443000
2020-11-09,36.61924743652344,38.97873507547846,36.505993037935475,38.450212148539684,7186400
2020-11-10,35.68488311767578,37.13832439111358,35.46781074307333,36.836310339467424,5588400
2020-11-11,35.92082595825195,36.553166650596786,35.76037899433597,36.32665794897421,4633000
2020-11-12,35.82645034790039,36.746652453588226,35.66128697517431,35.86420300460678,8192500
2020-11-13,36.137908935546875,36.43992302680982,35.99633825513964,36.08127994332559,5498900
2020-11-16,38.22368621826172,38.233122581348,36.317220448920885,37.03450645337723,6135600
2020-11-17,38.091556549072266,39.14860565718965,37.61965917576917,39.120292966884655,6882700
2020-11-18,37.17606735229492,38.30862155074881,37.157191028953456,38.01604393939197,5997200
2020-11-19,36.930686950683594,37.07225399294678,36.34553165506459,36.80799263382271,8524800
2020-11-20,36.373844146728516,36.90236680980482,36.062390205738026,36.74192345859683,4338700
2020-11-23,36.59092712402344,36.94013021385345,36.24172403419343,36.80799950960921,6231700
2020-11-24,37.157196044921875,37.34123572198205,36.27003032985512,36.751364039022256,7022300
2020-11-25,36.43991470336914,37.034506384856854,36.35497303458518,36.86462304728894,4280300
2020-11-27,35.68488311767578,36.65699062139361,35.354552773487406,36.51541995955695,5923500
2020-11-30,35.930259704589844,36.317215341953876,35.307355420045525,35.62824572422233,21169200
2020-12-01,35.48667907714844,36.75136411193495,35.43949006247624,36.46822642361072,6595200
2020-12-02,34.75995635986328,35.18466104368931,34.505131389393284,35.09971938686598,5578000
2020-12-03,34.62783432006836,35.6471345618489,34.54289263325332,35.099731780087076,5411900
2020-12-04,35.58106231689453,35.83588732800496,34.97231427929037,35.17523029182509,5534700
2020-12-07,34.76940155029297,35.58106567708342,34.646707214773315,35.43949501299986,3825100
2020-12-08,35.20354461669922,35.458369639643685,34.552327513813154,34.5806402051543,4022800
2020-12-09,35.713191986083984,35.85476263276255,35.28848364633939,35.3073599725826,4134800
2020-12-10,35.4300537109375,36.30778306522575,35.17239528222722,35.55274442906606,4095700
2020-12-11,35.07141876220703,35.28849115978531,34.69389935754541,35.07141876220703,3102600
2020-12-14,34.5617561340332,35.43948537186984,34.467378117180246,35.392296363443364,6301200
2020-12-15,35.55275344848633,35.779265816856636,34.46739143416932,35.0147906239353,4832100
2020-12-16,35.864200592041016,35.883076919124406,35.241296199454055,35.60937557685209,3990600
2020-12-17,36.52486038208008,36.68058739199587,36.100151991533146,36.25115901925077,4095200
2020-12-18,36.60980224609375,36.67586759603747,35.49612406091167,36.57204958889975,9683100
2020-12-21,36.35496520996094,36.54372483333119,35.799069577253135,35.86419162931442,2835900
2020-12-22,36.00467300415039,36.46857915116521,35.843728258406344,36.250828465518815,3303800
2020-12-23,36.12775421142578,36.354974381358936,35.78692576229709,36.089883581179905,2367600
2020-12-24,35.87213134765625,36.20349393088983,35.83426071902237,35.89106666197319,1395100
2020-12-28,35.74905776977539,37.33012238954876,35.739591917286525,36.08042039156305,3209700
2020-12-29,35.19047546386719,36.14668900016934,34.726572890508024,35.97627477808662,3748700
2020-12-30,35.72065734863281,35.786929152069376,35.266220577263894,35.32302652801342,3051000
2020-12-31,35.711185455322266,35.79639256126237,34.95378735294717,35.616508886754474,2096800
2021-01-04,35.05792999267578,36.33603658980068,35.010593513865636,36.30763181328113,4584200
2021-01-05,35.91946792602539,36.14668808690889,34.84018028779815,35.029529819944074,3701500
2021-01-06,37.9171028137207,38.115918220173164,36.27923585341464,36.27923585341464,6211500
2021-01-07,38.901710510253906,38.99638346419112,37.86975942155487,38.25792431116414,7771900
2021-01-08,38.52302551269531,39.147876626441544,37.869773224724305,39.00586714377464,6964100
2021-01-11,39.35615158081055,39.61461159089749,37.72775058831308,37.75615536689666,3761400
2021-01-12,39.51709747314453,39.70644339025539,38.86384177986972,39.34668325851127,4436100
2021-01-13,39.17626190185547,39.659099680931476,38.65555350164454,39.21412891144918,3948600
2021-01-14,38.62715530395508,39.37508394672385,38.560883511460815,39.195203883031105,3748900
2021-01-15,38.22952651977539,38.43780775911949,37.463608747690664,38.43780775911949,4501100
2021-01-19,38.220054626464844,38.79756904971641,38.059109878498624,38.53248188292885,3383000
2021-01-20,37.90763473510742,38.25792904183978,37.5762721322701,38.25792904183978,4654700
2021-01-21,37.62360382080078,38.24845464445531,37.121827102677564,38.24845464445531,4647200
2021-01-22,37.405853271484375,37.97390182961004,37.01768838195893,37.11236494741739,2585000
2021-01-25,36.818870544433594,36.976976606035144,35.218874616595365,36.89461179172464,9176800
2021-01-26,35.332481384277344,36.9703478666115,35.31354607325402,36.818868989966184,4945100
2021-01-27,34.300533294677734,34.82124175123871,32.38811005890006,34.65082754923088,8138300
2021-01-28,36.165626525878906,36.402312558624786,34.48136935249066,34.849652761658575,8108500
2021-01-29,36.449649810791016,36.73367233376145,35.75852701399746,35.87213530087717,16346400
2021-02-01,36.601131439208984,37.349060240565336,36.49698899705271,37.11237418531656,4731700
2021-02-02,36.43071365356445,37.30172013031885,36.383377169418964,37.03662931832808,2902000
2021-02-03,36.11829376220703,36.60113172966749,35.9346251507377,36.2603032295577,2987900
2021-02-04,36.288700103759766,36.478046018962615,35.84372925764104,36.326567119875236,3439000
2021-02-05,37.065032958984375,37.86029814743249,35.9762757993861,35.9762757993861,4409600
2021-02-08,37.58574676513672,37.983377609379325,37.24491826347584,37.42479836755569,4544800
2021-02-09,35.266212463378906,36.241357585196475,34.982189998062694,35.12419942495001,12941200
2021-02-10,35.209415435791016,35.92894304898672,34.84018577628856,35.65438636470039,7926400
2021-02-11,35.218875885009766,35.47922830598113,34.67923211902073,35.313548835991796,11064800
2021-02-12,35.294620513916016,35.40823241144624,34.80231312591192,35.02953330943008,5472800
2021-02-16,35.41769790649414,35.526575070976634,34.81651697051642,35.46503439088304,4174600
2021-02-17,35.256752014160156,35.37887992330059,34.74550933134428,35.24728255065867,3844400
2021-02-18,34.69817352294922,35.24728323581856,34.42550930886367,35.11473963655845,3961800
2021-02-19,35.635459899902344,35.74906822069277,34.991673396184254,35.02954404029553,3225600
2021-02-22,35.313560485839844,35.85320442985596,35.28515931348408,35.41770293320133,3017600
2021-02-23,35.124202728271484,35.20940983703397,33.91237150279787,34.868585013525966,4340100
2021-02-24,35.455562591552734,35.512364918674876,34.740769879085306,34.896983501754505,5952400
2021-02-25,34.215328216552734,35.28514996762039,34.02597869073358,35.095800441801245,4449900
2021-02-26,34.58456039428711,35.02953127153795,34.10172249827146,34.45201679975505,5375200
2021-03-01,35.218875885009766,35.564435406481586,34.764439219521186,34.802306232989054,4156800
2021-03-02,35.162071228027344,35.42715838966423,34.72656985918341,35.40822668801163,4431900
2021-03-03,35.143131256103516,35.57674011960942,34.67922878473595,34.88750997917923,7100100
2021-03-04,33.628353118896484,35.228349454960664,33.19285167048267,34.98219756154401,6859200
2021-03-05,34.97272872924805,35.0674053142282,32.89936027400556,34.19639879012296,7047300
2021-03-08,35.08633804321289,35.77746081064899,34.366810496606696,34.830716699935074,4659800
2021-03-09,35.143131256103516,35.70171028089188,35.12419594541936,35.36088191165949,3643400
2021-03-10,36.71473693847656,37.01769477719976,35.48397026722078,35.607048017809056,6976500
2021-03-11,37.14076614379883,37.462659243556,36.553785883609294,37.17863677001536,5156100
2021-03-12,37.48160171508789,37.51000288440364,36.84728124521115,36.92302251210967,2546200
2021-03-15,37.49106216430664,37.62360936227578,37.01769014904246,37.131302033016,3634300
2021-03-16,36.51592254638672,37.53840798908277,36.2697706499279,37.5100032079796,5740800
2021-03-17,37.254371643066406,37.26384110468785,36.38336897404801,36.74313267329281,4066000
2021-03-18,38.81650924682617,39.3845542789921,37.301720086688874,37.301720086688874,10045200
2021-03-19,38.73129653930664,39.10999558044025,38.41981912411116,39.03425432759684,11066100
2021-03-22,39.20466995239258,39.46975712384527,37.727747972423636,38.456741305460376,10396900
2021-03-23,38.144317626953125,39.280411179051015,37.92183220327265,38.7407637622825,11248200
2021-03-24,38.00230407714844,39.034255195051685,37.99283822610351,38.343132499434546,8587400
2021-03-25,38.20112609863281,38.31946912076184,37.472136260475345,38.049647174769355,8091900
2021-03-26,38.901710510253906,38.94904698722251,37.70881467755327,38.64608920077341,5120300
2021-03-29,40.085140228271484,40.69105579718057,39.71780310202348,39.96206249973006,7698800
2021-03-30,40.10407638549805,40.63425071368368,39.56443259485667,39.82951975894949,3982200
2021-03-31,39.97153854370117,41.164434564970506,39.79165484662674,40.70999781346113,7297800
2021-04-01,39.782188415527344,40.14195219289943,39.63070950056155,39.98100381425578,4759900
2021-04-05,40.31237030029297,40.634259865450154,40.07568424717676,40.13248658853741,5731800
2021-04-06,40.530113220214844,40.99401577240287,40.04727174250191,40.36916485712991,6692600
2021-04-07,40.41650390625,40.558516964381965,39.895795379002955,40.2934297748472,6117300
2021-04-08,40.2650260925293,40.7099969826847,39.8105893502937,40.31236618755687,5212400
2021-04-09,40.47331237792969,40.76680436433424,40.009406155747314,40.56798534823189,5578100
2021-04-12,40.331295013427734,40.71472880884217,40.21768673886217,40.520644545398305,5868600
2021-04-13,40.861473083496094,41.06028846737179,39.990470290397646,40.22715630307117,7778500
2021-04-14,40.83307647705078,41.4484580117897,40.7668046750257,40.83307647705078,4651100
2021-04-15,41.268577575683594,41.43899181132916,40.42597586140401,40.8993479356323,7090900
2021-04-16,41.54313278198242,41.9218282610986,41.126563059949795,41.54313278198242,5575700
2021-04-19,41.53366470336914,42.267392861658635,41.34431515172582,41.65674245366865,10654900
2021-04-20,40.25556182861328,41.34431543789937,39.77272028800361,41.259111931189544,6545400
2021-04-21,40.76679611206055,40.82833316914603,39.95259573072484,40.236618195680144,4288100
2021-04-22,40.79520034790039,41.38218063455987,40.567980191896346,40.93721339684565,6473400
2021-04-23,42.101707458496094,42.18691456421822,40.77626439427236,41.05082102510385,6615300
2021-04-26,41.75141143798828,42.75496143781598,41.67567379148651,42.43306831421403,4019400
2021-04-27,42.565616607666016,42.64135787407901,41.65674307996424,41.79875614871742,6740600
2021-04-28,42.12064743041992,42.90644317094604,42.10171211466069,42.54667939460499,6560200
2021-04-29,41.79875564575195,42.48987844151361,41.07922806965603,41.62834140991567,9151900
2021-04-30,41.37155532836914,41.62786970624363,40.81145383844349,41.46648631118303,7279100
2021-05-03,41.25763702392578,41.95064339244131,40.99182735418973,41.88419097500729,3928800
2021-05-04,40.94436264038086,41.16270681917124,40.61209692548533,40.97284121371454,9900900
2021-05-05,41.077266693115234,41.56142053746542,40.963348780571394,41.26713229494507,6946100
2021-05-06,41.92216873168945,41.95064730713723,40.97284425531842,41.143722950776045,6237900
2021-05-07,42.56770706176758,42.97116921527125,41.646861217165934,41.88419232174283,5266100
2021-05-10,43.108821868896484,43.33666132364272,42.615172734767356,42.615172734767356,5929800
2021-05-11,42.244937896728516,42.83351803995346,41.77976732423138,42.83351803995346,8457300
2021-05-12,40.27983856201172,42.187979201157454,40.24186471312684,41.998117199504165,7542300
2021-05-13,41.05827713012695,41.42851303812154,40.355775534953565,40.51716255361411,5084200
2021-05-14,41.42851638793945,41.84622144315208,41.24814605497913,41.40003781467867,4398200
2021-05-17,41.93165969848633,42.08355508875598,41.257640200399145,41.31460097175027,6998700
2021-05-18,41.44750213623047,42.22594783530781,41.33358422502979,42.03133822123102,6355800
2021-05-19,41.238643646240234,41.41901756937039,40.53614573722309,41.04878169551208,5250300
2021-05-20,41.66585159301758,41.83673029218477,41.02031064536053,41.352576392134765,4046000
2021-05-21,41.65635299682617,42.453785586202635,41.64685772546344,41.931654302801114,5536500
2021-05-24,42.131019592285156,42.41581619954232,41.703822870706745,41.84622298502799,5125600
2021-05-25,42.45378494262695,42.89047326268376,42.25442408226632,42.387332529635046,7026800
2021-05-26,42.45378494262695,42.74807316548116,42.268666989094505,42.51074208440007,6345000
2021-05-27,43.013893127441406,43.17527654940672,42.56770946678479,42.786053660765454,12343700
2021-05-28,43.602474212646484,43.792339835347,43.108825042179355,43.37938237757729,4197100
2021-06-01,44.47584915161133,44.70368861362367,44.219534736252356,44.24801331098438,6199300
2021-06-02,43.716392517089844,44.55654672788031,43.58348766646178,44.39041204320965,5729600
2021-06-03,43.41259765625,43.83979429438801,42.85249620211008,43.41259765625,4230800
2021-06-04,43.56449508666992,43.71638684215391,43.44108190365633,43.62145585299583,4016900
2021-06-07,43.72588348388672,44.02017173232824,43.545509528895884,43.83980139872262,2982400
2021-06-08,44.01068115234375,44.105612146785575,43.469566516977665,43.85878938840564,3174000
2021-06-09,43.84929275512695,44.17206319615038,43.659430772136275,43.953719018602946,4567000
2021-06-10,43.536014556884766,44.26699472897051,43.46006687186471,44.058142216550316,5163900
2021-06-11,43.763851165771484,43.934729838792016,43.34614975471297,43.83030358068113,4065700
2021-06-14,43.86827087402344,43.944218549086344,43.44202667937083,43.76384463150417,3427700
2021-06-15,44.172061920166016,44.2385143365702,43.49804248441779,43.944226098604545,3962900
2021-06-16,44.53280258178711,44.744501494206105,44.119845209316686,44.361923918791405,6778600
2021-06-17,43.79233169555664,44.53280350293121,42.82402045901343,44.52331185318391,6200000
2021-06-18,42.76706314086914,43.536017202187516,42.7385845679487,43.127807423863764,7343600
2021-06-21,44.14357376098633,44.247999998767135,43.00438403642595,43.09931862594682,4158800
2021-06-22,43.77334213256836,44.333443589858284,43.67840753390121,44.23850899119113,4046100
2021-06-23,43.87804412841797,44.39201776800922,43.4878056903952,44.25876614978207,3100600
2021-06-24,43.99226379394531,44.154068296221695,43.73527696900544,44.020816675327175,3007300
2021-06-25,44.791778564453125,44.89647367643718,44.01130164814068,44.096963925825435,8003600
2021-06-28,45.572242736816406,45.62934848541405,44.425320541367626,44.791766038758645,6283700
2021-06-29,46.362247467041016,46.73344944927713,45.71502219463749,45.71502219463749,9447900
2021-06-30,46.25754165649414,46.628747212823406,45.92441265434022,46.12429005563257,4915700
2021-07-01,46.40031814575195,46.53356976051911,45.98152683779317,46.27658294739638,3466300
2021-07-02,46.18140411376953,46.543089660445695,46.105258259381216,46.44790734246029,2702900
2021-07-06,45.8482780456543,46.28134948543953,45.324787929312414,46.26707304339557,4026400
2021-07-07,46.47646713256836,46.690621009186,45.705506641242856,45.876831194870746,4355900
2021-07-08,45.73405456542969,46.08622005156183,45.23911742314001,45.50562427257848,3482300
2021-07-09,45.943458557128906,46.50978160800052,45.886349160380945,46.209961813616935,3932600
2021-07-12,46.8381462097168,46.89525560104526,45.66743091873993,46.162368084417295,7450400
2021-07-13,46.857177734375,47.22362326947982,46.65730033204537,46.72392613282191,5600100
2021-07-14,46.638267517089844,47.32356567104461,46.54308883163351,47.0189895205834,3919800
2021-07-15,47.17128372192383,47.280738861330086,46.17188924067092,46.38128673287013,3872700
2021-07-16,46.71441650390625,47.40923112068386,46.638270645765736,47.17128076024628,3331200
2021-07-19,45.92442321777344,46.16237359714014,45.35334375962721,45.981532615921914,3722800
2021-07-20,47.49489212036133,47.65193659459912,45.98819030424786,46.14333222133354,5358600
2021-07-21,48.01837921142578,48.151630820540625,47.53295848583995,47.60910433723931,3963100
2021-07-22,48.36103820800781,48.55615563831039,47.808991564547284,48.065978419520135,6025400
2021-07-23,49.39849090576172,49.455596662320964,48.48475886164022,48.50379532410462,4494200
2021-07-26,49.02729034423828,49.57743436242908,48.789339985367164,49.30331363192902,2856100
2021-07-27,49.455596923828125,49.88390825445706,48.77030242565581,49.01776917733365,4072200
2021-07-28,49.08440017700195,49.779214795427336,49.046327247841404,49.36993988403734,5156200
2021-07-29,51.34016799926758,51.47342324981527,49.66499907441704,50.51686179282386,6166600
2021-07-30,52.58702850341797,52.834495275278734,51.35920379908726,51.606674201782305,6506800
2021-08-02,51.977874755859375,53.329430993802326,51.85604211499968,52.634616411232955,4010800
2021-08-03,54.424007415771484,54.490633227067086,52.330043491359234,52.339563539163976,4994000
2021-08-04,54.290748596191406,55.10929831883802,53.81484793240466,53.87195368832536,4619100
2021-08-05,53.60546112060547,54.76190010842502,53.21522264406081,54.59533556919888,4508600
2021-08-06,53.66257095336914,54.081362316934914,53.16287370080849,53.7958225858294,4686200
2021-08-09,53.5293083190918,53.80437666646895,53.258045085668776,53.396053083184654,2423800
2021-08-10,53.88147735595703,54.728580013493286,53.54834469041788,53.68159993513404,3763200
2021-08-11,54.147987365722656,54.27838516028264,53.37703046574805,54.04328861860645,3039200
2021-08-12,53.2818489074707,53.843411952176595,52.98678912776602,53.624498037234936,3510400
2021-08-13,53.44365310668945,53.53883179977752,53.05341465569334,53.24377204186947,2316300
2021-08-16,53.87196731567383,54.09088487152654,52.93920221440144,53.29137140888808,2081400
2021-08-17,52.491851806640625,53.43413321581694,51.74944420120252,53.25329224608472,3597000
2021-08-18,52.51088333129883,53.29136384695663,52.387151759173044,52.49185049776742,2632300
2021-08-19,52.58702850341797,53.28184310495759,51.616190618423985,51.68281642741859,4225200
2021-08-20,52.70124435424805,52.92015824824457,52.07305555339542,52.79642667609501,2621200
2021-08-23,53.18666076660156,53.45792400770931,52.68220357917553,53.16762430378982,3493300
2021-08-24,53.88147735595703,53.95286318648929,53.05341116195166,53.09148045817925,2546500
2021-08-25,54.95701599121094,55.242555693137135,53.7101548147709,53.73870769571323,3900200
2021-08-26,54.61436462402344,55.1806839805424,54.40020713336431,54.8713514343139,3601000
2021-08-27,55.50905227661133,55.60423095556564,54.833274215867675,54.833274215867675,3722600
2021-08-30,55.2330322265625,56.05158198402618,55.22351581044891,55.699416494478115,3709300
2021-08-31,54.82376480102539,55.21400326974821,54.195575957939035,55.20448685234088,4837900
2021-09-01,55.09978485107422,55.17593070917201,54.00521537217617,55.10930489875362,3007500
2021-09-02,55.128334045410156,55.480503169307504,54.70002633017595,55.34725155738272,3333300
2021-09-03,54.64291763305664,55.07122898455408,54.490629555950235,54.89990444395511,3048700
2021-09-07,53.51026916503906,54.2431565869085,53.38748526035017,53.60544784077951,4744800
2021-09-08,53.9290657043457,54.205088974199434,53.10099952561861,53.37702279547234,2650800
2021-09-09,53.99569320678711,54.62864201177191,53.69111704801013,54.07183906189846,2202000
2021-09-10,53.71015930175781,54.47159978078374,53.68160641843015,54.40497396579614,2345300
2021-09-13,53.05341339111328,54.32882745459839,52.52040328235548,54.1955722042832,4235500
2021-09-14,52.33003616333008,53.33418684688477,51.95883422928311,53.300873945901934,6193900
2021-09-15,53.07244110107422,53.20569633852514,52.18726919557102,52.40618306798944,3148900
2021-09-16,52.415706634521484,53.16763066682135,52.054021059480434,52.9867860638836,6828000
2021-09-17,52.34907913208008,52.42522498998177,51.939804222944346,52.13016523686423,15945100
2021-09-20,51.225948333740234,51.968352224398096,50.50258090577027,51.349683525794546,6439800
2021-09-21,49.1986083984375,51.54955879560474,49.179571936540675,51.5019694562796,8805600
2021-09-22,50.05523681640625,50.559690407072495,49.579336106469256,49.65547833202535,7154300
2021-09-23,50.91185760498047,51.56383922899533,50.42643686609023,50.42643686609023,4273700
2021-09-24,50.5596923828125,50.88330502344896,50.26463625485548,50.34077848338702,2135700
2021-09-27,49.8458366394043,50.57872412866843,49.75541797838629,50.531134786422,2297800
2021-09-28,49.455596923828125,49.66499438120982,48.83692822921653,49.27475597571101,5489800
2021-09-29,50.302703857421875,50.51210133278263,49.68403510969083,49.75066091897211,4735200
2021-09-30,49.26523971557617,51.092700323108346,49.23668683495097,50.578726686849215,7036700
2021-10-01,49.93150329589844,50.20752658835315,48.6608492289963,49.360423877085054,3618500
2021-10-04,49.80777359008789,49.98861456563574,49.0748860089184,49.550786752729664,3638300
2021-10-05,50.274147033691406,50.84998641493785,49.76969347988612,50.08378603745964,3524600
2021-10-06,50.074275970458984,50.16945466522561,49.12247449945489,49.617411700077156,2767500
2021-10-07,50.77861022949219,51.378246210691046,50.6739151109772,50.6739151109772,2225300
2021-10-08,49.01778030395508,50.645360098957894,48.979707370182716,50.388373242246686,3108600
2021-10-11,48.779815673828125,49.44607729700326,48.63799893855367,48.88451439571998,2566700
2021-10-12,47.8756103515625,48.96066338153581,47.66621650965304,48.81313532437597,6017700
2021-10-13,48.28488540649414,48.5133193439415,47.52344499972673,48.22777601442374,4474800
2021-10-14,50.454986572265625,50.49305949661414,48.8178907644526,48.89403298231572,5567200
2021-10-15,50.85475540161133,51.321136112204314,50.50258985655452,50.98800703320932,3602200
2021-10-18,51.378238677978516,51.41631160503909,50.35981147953017,50.426437286469096,2449600
2021-10-19,51.36872863769531,51.86366585841364,50.81668201929751,51.77800357731172,3360600
2021-10-20,51.41630172729492,51.9493117112423,51.13076209086483,51.6066626951928,3884100
2021-10-21,51.70185470581055,51.7208911705962,50.94993068553217,51.19740109691123,2397900
2021-10-22,52.02546691894531,52.44425824829277,51.76848009269765,52.13016565899077,3510600
2021-10-25,51.968353271484375,52.67268788179176,50.778601560774256,51.51148905027178,3312900
2021-10-26,51.14029312133789,52.23486627645587,51.092703773470696,52.063541719466365,2314700
2021-10-27,50.5977668762207,51.68281998987818,50.53114106263364,51.07366761946237,2673400
2021-10-28,51.91421890258789,51.99530782694181,50.20664256201171,50.75993445832471,3441300
2021-10-29,49.82505798339844,51.589876519061164,49.64380788430767,51.09381959417996,3955800
2021-11-01,49.767818450927734,50.24479583445918,49.47209480212937,49.93953060012295,2945900
2021-11-02,49.98723602294922,50.58822496347169,49.48163747357368,50.07309210574514,4231000
2021-11-03,49.57703399658203,50.082628895219074,48.82340880269176,49.55795446317418,3105700
2021-11-04,50.53098678588867,50.57868379795186,49.52933133731792,49.52933133731792,2486300
2021-11-05,50.35927200317383,50.98411119840589,50.006306126418835,50.75993125045432,2466600
2021-11-08,50.883949279785156,50.96026377163311,49.9586119574306,50.540524968847436,2144800
2021-11-09,52.286258697509766,52.333955704955926,51.03657672374932,51.10335326198362,3504300
2021-11-10,52.11455535888672,52.524756242472286,51.90468412382926,52.41027903841421,2901800
2021-11-11,51.99053955078125,52.35304341428922,51.42770604127505,52.26718733185441,2315300
2021-11-12,53.53593826293945,53.57409732539297,52.16224476604935,52.37211597049519,2842500
2021-11-15,53.135292053222656,53.73628469756061,52.944500333220994,53.478716421415776,2956800
2021-11-16,53.66949462890625,54.02246051964223,52.94449059313662,52.96357012553171,3179900
2021-11-17,53.53593826293945,53.936601140604374,53.34514658972037,53.89844207815086,2507500
2021-11-18,54.394500732421875,54.43265979610974,53.61225812206377,53.946140831711034,3626600
2021-11-19,54.518516540527344,55.30075916050799,54.308645326711044,54.34203359808649,5009400
2021-11-22,53.812591552734375,54.94779648484967,53.80305360566232,54.7283873117038,4717900
2021-11-23,52.343502044677734,54.00338509894265,52.00961929996447,53.70765778287591,5108900
2021-11-24,53.1257438659668,53.25930060071086,51.847444231522225,52.06685704764872,3618700
2021-11-26,52.830020904541016,53.097127099524755,52.10501317665803,52.29580487552455,2927600
2021-11-29,53.40239715576172,53.612268407258895,52.486601285854704,53.574109336250444,3250400
2021-11-30,51.62802505493164,53.45961988999025,51.18920678576852,53.29744570587887,10100100
2021-12-01,51.131980895996094,53.3260800648607,51.08428387907493,52.26718954958498,4355300
2021-12-02,52.963565826416016,53.13527796498498,51.46585722593549,51.46585722593549,2869100
2021-12-03,53.53593826293945,53.588406064050915,52.438892510264594,53.28791163508859,3031200
2021-12-06,53.278377532958984,53.903220441487576,53.087589471992,53.77443449738096,3194500
2021-12-07,54.0319938659668,55.03364557761025,53.20205429221062,53.55501651384626,3700200
2021-12-08,53.841209411621094,54.0653893794039,53.39285311510437,53.99384203918934,2563200
2021-12-09,53.411930084228516,54.39927314245213,53.34514990126506,54.10831664151703,2174700
2021-12-10,52.95403289794922,53.268839749803774,52.038237101907086,52.52475612040066,2536000
2021-12-13,52.400733947753906,53.45962428712636,52.36257488493633,53.2497530806782,4287700
2021-12-14,51.08427810668945,52.257642057798826,50.4661165402098,51.66619110890073,3663500
2021-12-15,51.08427810668945,51.19875166217486,49.68673419842832,51.170134183065684,5989600
2021-12-16,51.38954544067383,52.15270857341141,50.88395054755684,51.532640120146006,3802500
2021-12-17,49.853675842285156,51.21783148633973,49.58656966494817,51.08427839767124,7534500
2021-12-20,48.56584167480469,49.64381168326923,48.041167230718955,49.510258585398205,3492000
2021-12-21,49.72966766357422,49.75828514475933,48.80433028873323,49.13344587855791,2162000
2021-12-22,50.24629211425781,50.370665145231726,49.413957382925716,49.62443060893871,2282800
2021-12-23,50.53330612182617,50.8825060775155,50.23672538753593,50.26542910346767,1938300
2021-12-27,51.21255874633789,51.26996251851424,50.63853562277444,50.97338183659478,1698700
2021-12-28,51.16472244262695,51.4421685248646,50.935114660433655,51.13602238224027,2485500
2021-12-29,51.413475036621094,51.533063502919056,50.83944820866067,51.1264597978657,3183200
2021-12-30,51.231693267822266,51.901389344107855,51.1838586158483,51.49478932800411,1426200
2021-12-31,51.891822814941406,52.197968960789446,51.049919089084334,51.2221267523176,2228900
2022-01-03,50.24629211425781,51.27953459978205,49.9592805154761,50.84901902638474,4505100
2022-01-04,51.49000930786133,52.2745093479645,50.90641701349304,51.891828448881434,5460300
2022-01-05,50.102783203125,52.06403333556451,50.04538307457336,51.27953328258871,3484300
2022-01-06,51.183860778808594,51.193426249787606,50.17931844670463,50.17931844670463,3089800
2022-01-07,49.59572982788086,51.499579853184954,49.58616435619811,51.02122597893824,4117000
2022-01-10,50.05493927001953,50.22714692286189,48.160658738303276,49.01212788316288,3902300
2022-01-11,50.26542663574219,50.4232842921896,49.643565131310226,50.2462920425773,2715200
2022-01-12,50.70551300048828,51.0977630494157,50.18888991666663,50.88728616721785,2308300
2022-01-13,49.94013977050781,51.011651310424405,49.815766754854536,50.70550515616252,2669100
2022-01-14,48.88775634765625,49.25130625342141,47.988452527658026,49.25130625342141,3246700
2022-01-18,47.50054168701172,48.18936879169359,47.079587937402856,48.026730224472324,4107400
2022-01-19,46.677764892578125,48.112826299116946,46.62036112247861,47.70144173727849,3717300
2022-01-20,45.95066833496094,48.01715676124803,45.917183712410804,47.06044908890122,3871600
2022-01-21,45.73063278198242,46.74474437872038,45.42448657344845,46.17071750055617,3876000
2022-01-24,45.5966911315918,45.74019875363681,43.348429383222744,43.63544097776234,8927300
2022-01-25,45.166168212890625,45.50101808703235,44.11379123598835,45.02266425215857,4603400
2022-01-26,44.64954376220703,46.21854735585444,44.08508975874152,45.74975900692289,4684400
2022-01-27,44.09465408325195,45.45317714359477,43.95114648130592,44.94612327593864,4483600
2022-01-28,44.43906784057617,44.68781020568434,43.50149484970723,44.19989094547032,10734800
2022-01-31,45.61582565307617,45.67322943171438,44.27643334792133,44.42950644140614,8647500
2022-02-01,45.013099670410156,45.988942029893444,44.37210721883171,45.92197277822258,4645400
2022-02-02,45.45317840576172,46.06547436145742,45.147032252688874,45.204436024971294,5972800
2022-02-03,44.238162994384766,45.29053994130007,44.17119010182467,44.783486058638154,6651800
2022-02-04,43.8554801940918,44.467772525320626,42.89877251415921,43.979853214357085,6896800
2022-02-07,43.74068069458008,44.12336161531978,43.38669618971892,43.67371144221187,7355300
2022-02-08,44.065956115722656,44.91742534885233,43.291021597596156,43.56846769477664,7924900
2022-02-09,45.902835845947266,45.99850880742379,44.81218963196706,44.94612812848388,6087400
2022-02-10,45.108768463134766,46.10374167427934,44.73086849249926,45.1757377086094,5086100
2022-02-11,43.53020477294922,45.17574335200262,43.04228540217558,45.00353565654119,5862900
2022-02-14,42.85093307495117,43.79807152857032,42.37257928840217,43.549329165366736,6410400
2022-02-15,43.76937484741211,43.8746132725033,43.37712485814954,43.58760170833191,4648300
2022-02-16,43.6737060546875,43.922448440006285,43.051844617065406,43.49192926392561,4210100
2022-02-17,42.650028228759766,43.530197503418506,42.53522068459122,43.20491676070767,4202400
2022-02-18,42.17167663574219,42.93704205617622,42.056869085514435,42.80310356379404,4938700
2022-02-22,43.329288482666016,43.67370380579556,41.81768870883077,42.08556932101481,7327500
2022-02-23,41.94205856323242,43.80763899007753,41.85595473893035,43.77893528227709,4994500
2022-02-24,42.77439880371094,42.879637230733486,40.61224108775269,40.89925265719138,5037300
2022-02-25,43.271888732910156,43.491931065454885,42.21951172516576,42.75048478940096,4237800
2022-02-28,42.93703842163086,43.14751161346515,42.3151770172957,42.535219328947406,4992600
2022-03-01,41.8272590637207,43.204916747367726,41.59764762500453,43.204916747367726,6459900
2022-03-02,42.96574783325195,43.22405938129363,42.12862849497919,42.229082377625836,7515000
2022-03-03,43.89374923706055,43.92244929951085,43.03271086804981,43.415395398621285,6534900
2022-03-04,43.05185317993164,43.66414561900698,42.40607611214283,43.2336263572975,9055000
2022-03-07,41.63592529296875,43.09490254726195,41.58809063127156,43.05185244659972,7210800
2022-03-08,41.69332504272461,42.49695604040428,40.99492518122612,41.521117357635994,6755900
2022-03-09,42.65959167480469,43.18578012051375,42.22428796864502,42.51608407617957,4529000
2022-03-10,41.91336441040039,42.267345227050164,41.6741874924789,42.02816830912867,3615800
2022-03-11,41.348907470703125,42.40128446838262,41.320203758349905,42.363015284945135,3770900
2022-03-14,41.052330017089844,42.19081094268433,40.98057620486256,41.66462240226841,6058800
2022-03-15,43.24318313598633,43.367556142656504,41.53546025995844,41.61677952797173,5998100
2022-03-16,44.85045623779297,45.060929441839136,43.54933323292533,43.58760241531557,5944300
2022-03-17,45.08006286621094,45.08006286621094,44.15205893934292,44.20945906189249,3766500
2022-03-18,45.711490631103516,45.75932893353864,44.620844487304154,45.11833290631879,6620000
2022-03-21,45.42448425292969,45.85500347717201,44.946130370338324,45.233141969983045,3467800
2022-03-22,45.43405532836914,45.859790010221516,44.98057311290348,45.52972464918178,3376000
2022-03-23,44.506038665771484,45.242703966903754,44.43906942471855,44.83131940069288,2633700
2022-03-24,44.17118835449219,44.706945926929116,44.03724987377042,44.6686767468515,2676500
2022-03-25,44.38167190551758,44.42950656307186,43.5684717784434,44.190329625749996,3624000
2022-03-28,44.860015869140625,44.87915045784498,44.008546744319766,44.4294967471667,2417200
2022-03-29,45.998504638671875,46.38118550124545,45.13746631116887,45.66365477817627,3024300
2022-03-30,45.51058578491211,46.13244726049783,45.30967804032607,45.80716649088458,2737400
2022-03-31,43.88417434692383,45.47230873576208,43.84590881853772,45.242700967246726,4390200
2022-04-01,44.04682540893555,44.40080625233567,43.67370997270968,44.29556781656932,2540800
2022-04-04,43.29102325439453,43.74067703947857,42.745700159507614,43.53976564961216,4753300
2022-04-05,42.61175537109375,43.21926306265276,42.42041313020401,43.090109148543256,3144300
2022-04-06,41.9803352355957,42.133408322845135,41.43501213417273,42.0664390752704,4214100
2022-04-07,41.798553466796875,42.104699604903914,41.21496490009585,41.454141798588836,4199500
2022-04-08,41.50197982788086,42.48738756205771,41.291502972211966,41.942064481052064,3311700
2022-04-11,40.6026725769043,41.38717258160401,40.47351864606051,40.95665704575795,4399000
2022-04-12,39.97124481201172,41.32977158511075,39.723458608679074,40.81314857352872,4808300
2022-04-13,40.28696060180664,40.755745316756276,39.84687594912531,39.990379910016976,3202400
2022-04-14,39.492889404296875,40.49743532540874,39.483323933894354,40.2965239514564,2618300
2022-04-18,39.50246047973633,39.9712451932148,39.18674519757521,39.54072966234073,3323000
2022-04-19,40.66007995605469,40.70791461432818,39.55986456801184,39.65553753410932,4335700
2022-04-20,41.568946838378906,41.846392924200835,41.00448919633254,41.00448919633254,3667400
2022-04-21,40.96622085571289,42.74569765016586,40.727043945696096,41.97076314787343,3841000
2022-04-22,39.86600875854492,40.707912570173974,39.80860863131928,40.62180872978521,4065400
2022-04-25,40.14345932006836,40.20086310320494,39.014543798570614,39.607705275663136,3254000
2022-04-26,38.31614685058594,39.97125091486853,38.20134293588934,39.79904321804832,5155000
2022-04-27,38.51704788208008,39.158043897006564,38.26830550211832,38.35440933548008,4349400
2022-04-28,37.844852447509766,38.08012137577355,34.79114418061374,34.83915772429227,15034800
2022-04-29,36.7501220703125,38.01769848362096,36.58687165023594,37.988891094336054,8408100
2022-05-02,37.0670166015625,37.48954454055369,36.131699518690894,37.00940181948061,7172200
2022-05-03,36.85575866699219,37.23987067064993,36.52926144912394,37.076623893315045,9902700
2022-05-04,37.844852447509766,38.00330043852762,35.828254307423066,36.96139152158944,7947300
2022-05-05,36.45243835449219,37.86405927575369,36.077927578614315,37.41272389805541,5054100
2022-05-06,36.27958679199219,36.49085078454735,35.59778493281701,36.27958679199219,4821000
2022-05-09,36.61569595336914,37.249484389381536,35.54977820571207,35.7418360845763,6091700
2022-05-10,36.5772705078125,37.355102989405495,35.73702079486621,37.07661934823291,5792700
2022-05-11,36.097129821777344,37.22066202779553,36.03951137664888,36.55806639321031,4809700
2022-05-12,37.54716110229492,37.58557340096901,35.79944180780642,36.02030703038481,7032900
2022-05-13,38.5938720703125,38.824342197008455,38.0177022483702,38.0177022483702,5070700
2022-05-16,38.2769775390625,38.67549686869355,37.70080408746144,38.3441972256029,5684800
2022-05-17,38.584266662597656,39.11242288623601,37.758420653942274,39.00679090886874,6868800
2022-05-18,35.87626266479492,37.91206666069498,35.72261714931563,37.21105876737086,7059600
2022-05-19,35.92428207397461,36.500451935407305,35.444139301714486,35.62659223642182,4142300
2022-05-20,36.45243835449219,36.71171589083809,35.51135896138407,36.45243835449219,5539600
2022-05-23,36.7501220703125,37.04781185798268,36.16434740019913,36.99019341621483,3170200
2022-05-24,36.433231353759766,36.7309211840684,35.530564282628255,36.538863347198266,3252900
2022-05-25,36.76932907104492,36.93737828443764,36.07792240657416,36.18355438733476,3608400
2022-05-26,37.76803207397461,37.8976690101614,37.163051157639465,37.163051157639465,3907900
2022-05-27,38.632286071777344,38.76192666850867,38.1713494612629,38.18095070466592,3359700
2022-05-31,37.74882125854492,38.40181563857762,37.25907364192131,38.200152915921805,14520500
2022-06-01,37.393516540527344,37.84485190365639,36.98059347706854,37.710412518009065,2855700
2022-06-02,38.488243103027344,38.507445588666656,37.46073428780453,37.70080565347751,3231700
2022-06-03,38.017696380615234,38.31058369947042,37.88325702045832,38.07531481919583,3212600
2022-06-06,37.99849319458008,38.55065803526597,37.96968580464454,38.19055100827927,2514800
2022-06-07,38.401817321777344,38.42101980744511,37.58557247936035,37.681603223690885,2806200
2022-06-08,37.82564163208008,38.238564650543964,37.60477642784095,38.171344965045016,2830000
2022-06-09,37.307090759277344,38.02730489488655,37.29748951594324,37.63358798061479,2070500
2022-06-10,35.85706329345703,36.75012916569462,35.54977220442891,36.75012916569462,3462600
2022-06-13,35.04082107543945,35.58818354188672,34.61829309207761,34.97359771728755,4587300
2022-06-14,34.512657165527344,35.36731427853505,34.3494104001472,34.963992491551856,3892400
2022-06-15,35.309696197509766,35.69861062990857,34.47424888735008,34.88717192111598,4040300
2022-06-16,33.206668853759766,34.56067103819046,32.995404906493256,34.44543415975536,4515200
2022-06-17,33.043418884277344,33.7828390464336,32.880172132434,33.27388898104209,10802500
2022-06-21,33.61958694458008,33.76363120573058,32.97619754802269,33.350708231176725,4685400
2022-06-22,33.542442321777344,33.83177053952109,32.905926864871105,33.147031260350154,6304800
2022-06-23,33.58102035522461,33.735327023227754,33.24347566864309,33.43635624442615,6798300
2022-06-24,35.00835037231445,35.1047943182805,33.720854045090775,33.9089151410241,15472900
2022-06-27,34.82511901855469,35.23017263178843,34.31397888405657,35.056577174985094,3897700
2022-06-28,34.709381103515625,35.66415219389327,34.63222595170807,34.94083920101803,5341300
2022-06-29,34.51650619506836,34.69010165440847,34.043939960428915,34.64187783206646,5743200
2022-06-30,34.39113235473633,35.05657919145181,34.06323021513132,34.25611447589214,6442300
2022-07-01,34.719032287597656,34.969779235376336,34.121094428309235,34.49721668945777,4214200
2022-07-05,34.786537170410156,34.8058259609094,33.76425334771401,34.150021799777626,4414400
2022-07-06,34.89262771606445,35.114443314030865,34.497216662478934,35.00835679349018,3850700
2022-07-07,35.104793548583984,35.14336744716428,34.52614092235617,34.969772027191965,3673600
2022-07-08,34.786537170410156,35.20606008610729,34.66116187164539,35.11443925097605,3346800
2022-07-11,35.230167388916016,35.51949555983847,34.43934539403848,34.63222961499995,4201200
2022-07-12,34.84440994262695,35.86669027414954,34.65248956902134,35.239821023094635,3343000
2022-07-13,34.458641052246094,34.694922338564645,33.947500891935405,34.256114235401625,2347700
2022-07-14,34.34291458129883,34.42006608355512,33.45564839210146,33.754619200878246,3508500
2022-07-15,34.719032287597656,34.96013667848375,34.29950932302987,34.83476136511389,3424000
2022-07-18,34.28504943847656,35.03729776677893,34.13074274940766,34.815478452215814,2593600
2022-07-19,35.84739303588867,35.97276832815074,34.651517518645676,34.719026442411305,2676000
2022-07-20,36.0595703125,36.194588176023494,35.649693604243446,35.82811216901998,2579600
2022-07-21,36.908260345458984,36.951657369619866,35.89562264646721,36.069218101032774,2799800
2022-07-22,37.13007736206055,37.26509523656153,36.71055438432293,37.033637074263034,4294200
2022-07-25,36.86967849731445,37.23615815668683,36.60253445288675,37.00469635104096,4092700
2022-07-26,36.73466110229492,36.89379086572848,35.847395128360475,36.55142310980093,5430700
2022-07-27,38.1330680847168,38.24879715233698,36.67679562807322,36.95647758053599,5451500
2022-07-28,38.07520294189453,38.63456686489691,36.79734900237984,38.480260210096404,6629800
2022-07-29,39.08783721923828,39.179458052258624,37.872672877467785,38.31630401184745,4777300
2022-08-01,39.12641906738281,39.57487336793515,38.72136546892828,38.72136546892828,3997200
2022-08-02,38.972110748291016,39.67613507676569,38.774407075268776,38.972110748291016,6508800
2022-08-03,39.309654235839844,39.41574074557276,38.480258306663835,39.06854986970526,4707600
2022-08-04,40.32229995727539,40.40813011903946,39.33859359364014,39.34823615060472,5381700
2022-08-05,40.38980484008789,40.43802497799439,39.81115214832782,40.07154530777575,5573900
2022-08-08,40.447662353515625,41.15168657787009,40.41873101026935,40.72734426809705,4136400
2022-08-09,40.27407455444336,40.40909609937413,40.00403882250367,40.177634272739446,4719000
2022-08-10,41.33494186401367,41.64837834209477,41.01668226748046,41.122768799658196,3437600
2022-08-11,41.51817321777344,42.34757286796505,41.48924186963773,41.52781945312591,4107100
2022-08-12,42.40543746948242,42.434368816408,41.51817148117069,41.72069826757116,3566700
2022-08-15,42.82978057861328,42.92140141741975,41.97144960124978,42.20290773860403,3302900
2022-08-16,42.81049346923828,43.013020267120126,42.39579363797874,42.492237598132654,2430500
2022-08-17,42.55974578857422,42.87800165412989,42.2221974523633,42.29935261914094,2406100
2022-08-18,42.72369384765625,42.8249572421011,42.42472678185548,42.656184918026355,2071500
2022-08-19,40.96845245361328,42.51152256664268,40.81896892752052,42.43436740545895,6053700
2022-08-22,40.13905715942383,40.43802792255124,39.92688780139366,40.39945033783268,5642700
2022-08-23,39.98474884033203,40.37051731358817,39.724355672728265,40.13905549384232,4899500
2022-08-24,40.17763137817383,40.28371788778177,39.85455241088468,39.97510459380994,3066400
2022-08-25,40.495887756347656,40.75145777563172,40.119761884557114,40.505530311488776,3447200
2022-08-26,38.808162689208984,40.73699773247271,38.76476198767589,40.669485121314466,2669400
2022-08-29,38.325958251953125,38.841921537073674,38.31631201543052,38.42239854341141,3837700
2022-08-30,37.9112548828125,38.663499387955106,37.824457156914434,38.39346365358821,6094000
2022-08-31,37.72801208496094,38.195755167480385,37.573705430012744,38.162000701678,7306700
2022-09-01,38.374176025390625,38.403107375247316,37.580458569282854,37.641216611358544,7003700
2022-09-02,38.17164993286133,39.338594332427625,37.95465376799182,39.251796602272044,3601700
2022-09-06,38.86602783203125,38.875674068072755,37.77623493389136,38.32595634046261,4183600
2022-09-07,40.02333068847656,40.047442600234824,38.91424896889815,38.99140414335563,3202500
2022-09-08,40.62126541137695,40.659842995601544,39.58933894661524,39.6761366716401,3962300
2022-09-09,40.66948318481445,41.14204936665536,40.43802505086191,40.765927139761935,3459300
2022-09-12,40.78521728515625,41.23849101209936,40.466957741701776,40.96845528720041,3346000
2022-09-13,39.42538833618164,40.303008111932364,39.35787940565934,39.75329043255888,3458100
2022-09-14,38.75029373168945,39.463960589929826,38.34523648653195,39.36752031577647,4451900
2022-09-15,38.96246337890625,39.21321027738905,38.45614278600173,38.57669495774468,3857700
2022-09-16,37.07221221923828,38.64421397973695,36.75395631571622,38.64421397973695,7570600
2022-09-19,37.43868637084961,37.50619530029786,36.676795676835624,36.7828821885288,3622500
2022-09-20,36.464630126953125,37.216874664204774,35.92455495620564,37.120434377517526,4278000
2022-09-21,36.17529296875,37.332594517791605,36.12225339945279,36.70572545132421,3828500
2022-09-22,34.91191864013672,36.04993172802065,34.902272403701744,35.92455640709479,3430600
2022-09-23,34.82511901855469,35.095154760710514,34.3602675721738,34.670812354614064,3597200
2022-09-26,34.02463912963867,34.89261611925591,33.706383352752226,34.59364544973001,3284500
2022-09-27,34.28504943847656,34.50686507407801,33.764262983258384,34.44900236502821,4334600
2022-09-28,35.587005615234375,35.86186444316918,34.21753091399102,34.32361742283614,4526300
2022-09-29,34.3525505065918,35.29767922025313,34.092157338701305,35.18195014973318,4350000
2022-09-30,34.29468536376953,35.06139545982792,34.1982414127505,34.468280796643235,4559200
2022-10-03,35.50021743774414,35.895628554004865,34.424890066043965,34.65152881785711,3184500
2022-10-04,37.207237243652344,37.255457393652854,36.05957780724746,36.117444194625044,3973700
2022-10-05,36.84074783325195,37.15900368307622,36.348892866758995,36.5707084418391,2823600
2022-10-06,35.8859748840332,36.85039239994247,35.66415929684938,36.63822304813582,5592100
2022-10-07,34.072872161865234,35.644870043594295,33.773901411377956,35.39412311144686,9001800
2022-10-10,34.33325958251953,34.76242505137898,34.121090246237934,34.38148339795501,4794900
2022-10-11,33.89927291870117,34.67080609920194,33.720854376132706,34.18859740151891,5111800
2022-10-12,33.63888168334961,34.130732964066596,33.532795175224614,33.93784873829029,4065400
2022-10-13,33.60995101928711,33.88963299900542,31.922220262930576,32.68411103017933,7759200
2022-10-14,33.33991622924805,34.53579567527534,33.11810062211419,33.85105638138427,8519800
2022-10-17,34.28504943847656,34.70939559263729,33.67746524072202,34.25611808395166,8497400
2022-10-18,35.027645111083984,35.50021132918382,34.57436768545362,35.19159800759409,4229500
2022-10-19,33.64853286743164,34.61295056465335,33.33991949863762,34.54544162016476,4584800
2022-10-20,32.848060607910156,34.005358637735746,32.72268530572679,33.64852520117155,4300200
2022-10-21,33.93785095214844,34.0921576070432,32.74679841412746,32.98307967466238,4411100
2022-10-24,34.57436752319336,34.78171744256595,33.95714088291058,34.217534061585056,3761500
2022-10-25,35.963130950927734,35.99688541767059,34.50685840525384,34.50685840525384,5141700
2022-10-26,35.818458557128906,36.5803491203473,35.76059587265568,36.04027409851652,4953000
2022-10-27,36.68028259277344,37.36779490335224,36.341365420123694,36.844896655638834,7529900
2022-10-28,38.68471908569336,38.71376775472592,36.254212810593565,36.428512212548114,5534100
2022-10-31,38.50074005126953,38.723458859872295,38.17635088594832,38.25865792302144,5508200
2022-11-01,38.45232009887695,39.16888474430999,38.16182231598021,39.043001017298835,5129100
2022-11-02,37.881004333496094,39.66272866010402,37.861637323069104,38.47168522294083,5876900
2022-11-03,38.123085021972656,38.50073247672134,36.73837522530786,36.88362595123247,4270600
2022-11-04,39.0042610168457,39.09141070774635,38.19086513306608,38.94616368549804,3400600
2022-11-07,39.74019241333008,39.81765675279908,38.8493284992221,39.13014457929042,3730200
2022-11-08,40.09847640991211,40.558430893840445,39.60946956394699,39.885442993079884,3359800
2022-11-09,39.0623664855957,40.05006186353149,38.99942647151631,39.759564092110274,2803200
2022-11-10,42.1029167175293,42.344998807920256,40.86345759676907,40.989341318058635,5863500
2022-11-11,43.032508850097656,43.334627549363155,41.83081601554713,42.025450213092014,4760300
2022-11-14,42.228797912597656,43.022826826069036,42.20943090325941,42.61612701772456,3731600
2022-11-15,42.94536209106445,43.46826030176811,42.46119790201579,43.109979836158395,3127800
2022-11-16,42.470882415771484,43.09061197449632,42.16101763640906,42.945361243097885,2936200
2022-11-17,41.67684555053711,41.94797625757399,40.79566705878842,41.87051192436867,3077800
2022-11-18,42.52898406982422,42.821421155183444,41.98672249784142,42.53866942296958,4272700
2022-11-21,42.49993133544922,42.654863726045264,42.219115223156535,42.490249677109276,2477100
2022-11-22,42.645179748535156,42.89694348435723,42.35952097566768,42.848527807531376,3125500
2022-11-23,42.761375427246094,43.2164908873728,42.42246201686182,42.71295975345964,2606700
2022-11-25,42.80979537963867,43.0034617880195,42.70327867033524,42.8001137214654,986300
2022-11-28,41.93830108642578,42.80011270467314,41.773683350355036,42.46119557458839,2370700
2022-11-29,42.14165496826172,42.34500305806898,41.71559177620651,41.80273779136969,3259800
2022-11-30,42.91630554199219,42.9840882205032,40.81019244510534,41.99639301292697,8731200
2022-12-01,43.50699234008789,43.78780844346578,42.98893682917739,43.40047563233218,4361500
2022-12-02,43.26491165161133,43.57477643295755,42.528980025504374,42.74201344788474,3857000
2022-12-05,42.374046325683594,42.6500197534776,41.83178482202068,42.57739808343664,3726200
2022-12-06,41.65748977661133,42.55803551796112,41.14427688736805,42.46120045799458,2505200
2022-12-07,41.7155876159668,42.22880046588308,41.39603748338376,41.686535253263166,3973900
2022-12-08,42.093238830566406,42.369212290582766,41.75432165732604,41.870523730718105,2524200
2022-12-09,41.65748977661133,42.21911834889796,41.58970708157466,41.986721592737915,3065200
2022-12-12,41.88987731933594,41.933454010206404,41.042590123853685,41.260466190447964,3593600
2022-12-13,42.91630554199219,43.57476901370967,42.41277443456829,43.30363829966563,6015600
2022-12-14,42.412784576416016,43.206813595025665,41.97703604330589,43.1777649241116,4045000
2022-12-15,41.11522674560547,41.91894116432671,40.737579226015505,41.77369041346286,4416800
2022-12-16,40.427711486816406,40.86346001407301,40.20499639374742,40.6310595682429,5812700
2022-12-19,40.185630798339844,40.7956787579986,39.87092331234795,40.51486262010553,3217400
2022-12-20,40.05973815917969,40.32118722662298,39.9338581478722,40.05005650210953,2909300
2022-12-21,40.94001770019531,41.06646688076997,40.424499540850235,40.58985302197143,2578800
2022-12-22,40.541221618652344,40.871932305684886,39.90897939887849,40.40504728466347,2885200
2022-12-23,40.64821243286133,40.67252715533527,40.152144600352464,40.39531408792334,1875100
2022-12-27,40.72602081298828,41.25126774601488,40.47312620290412,40.54121335602184,2228900
2022-12-28,39.84089279174805,40.88165802811387,39.82143878512307,40.69685053088514,2107100
2022-12-29,40.706573486328125,40.84275152536782,39.96733982675923,40.268871347496,1966300
2022-12-30,40.12297058105469,40.550947598149214,39.714447570710696,40.28832407272562,2248700
